<?xml version='1.0' encoding='ISO-8859-1'  ?>
<index version="1.0">
  <indexitem text="Index">
    <indexitem text="C">
      <indexitem target="CloseButton" text="Close button"/>
    </indexitem>
    <indexitem text="F">
      <indexitem target="File" text="File"/>
      <indexitem target="FileButton" text="File button"/>
    </indexitem>
    <indexitem text="G">
      <indexitem target="GetButton" text="Get button"/>
    </indexitem>
    <indexitem text="P">
      <indexitem target="Password" text="Password"/>
      <indexitem target="PutButton" text="Put button"/>
    </indexitem>
    <indexitem text="U">
      <indexitem target="UserName" text="User Name"/>
      <indexitem target="URL" text="URL"/>
    </indexitem>
  </indexitem>
</index>
