<?xml version='1.0' encoding='ISO-8859-1' ?>
<toc version="1.0">
	<tocitem target=top>FTP Client Example - TOC
        <tocitem text="User Name" target="UserName"/>
        <tocitem text="Password" target="Password"/>
        <tocitem text="URL" target="URL"/>
        <tocitem text="File" target="File"/>
        <tocitem text="Put button" target="PutButton"/>
        <tocitem text="Get button" target="GetButton"/>
        <tocitem text="File button" target="FileButton"/>
        <tocitem text="Close button" target="CloseButton"/>
	</tocitem>
</toc>


